"comparison_id","disease_group","sample_type","tool","gene_count","comparison_label","disease_group_label"
"covid_europe_covid_19_control","viral_infections","tissue","DEXSeq",14313,"COVID-Austria","Viral infections"
"covid_europe_covid_19_control","viral_infections","tissue","Sleuth",8552,"COVID-Austria","Viral infections"
"covid_europe_covid_19_control","viral_infections","tissue","Leafcutter",394,"COVID-Austria","Viral infections"
"covid_europe_covid_19_control","viral_infections","tissue","rMATS",965,"COVID-Austria","Viral infections"
"covid_india_covid_19_control","viral_infections","tissue","DEXSeq",12466,"COVID-INDIA","Viral infections"
"covid_india_covid_19_control","viral_infections","tissue","Sleuth",7425,"COVID-INDIA","Viral infections"
"covid_india_covid_19_control","viral_infections","tissue","Leafcutter",433,"COVID-INDIA","Viral infections"
"covid_india_covid_19_control","viral_infections","tissue","rMATS",1675,"COVID-INDIA","Viral infections"
"influenza_inf_24_control","viral_infections","cell_line","DEXSeq",104,"Influenza_24","Viral infections"
"influenza_inf_24_control","viral_infections","cell_line","Sleuth",35,"Influenza_24","Viral infections"
"influenza_inf_24_control","viral_infections","cell_line","Leafcutter",23,"Influenza_24","Viral infections"
"influenza_inf_24_control","viral_infections","cell_line","rMATS",309,"Influenza_24","Viral infections"
"influenza_inf_48_control","viral_infections","cell_line","DEXSeq",227,"Influenza_48","Viral infections"
"influenza_inf_48_control","viral_infections","cell_line","Sleuth",144,"Influenza_48","Viral infections"
"influenza_inf_48_control","viral_infections","cell_line","Leafcutter",57,"Influenza_48","Viral infections"
"influenza_inf_48_control","viral_infections","cell_line","rMATS",485,"Influenza_48","Viral infections"
"influenza_inf_8_control","viral_infections","cell_line","DEXSeq",45,"Influenza_8","Viral infections"
"influenza_inf_8_control","viral_infections","cell_line","Sleuth",1,"Influenza_8","Viral infections"
"influenza_inf_8_control","viral_infections","cell_line","Leafcutter",11,"Influenza_8","Viral infections"
"influenza_inf_8_control","viral_infections","cell_line","rMATS",338,"Influenza_8","Viral infections"
"mers_mers12_control","viral_infections","cell_line","DEXSeq",869,"MERS12","Viral infections"
"mers_mers12_control","viral_infections","cell_line","Sleuth",455,"MERS12","Viral infections"
"mers_mers12_control","viral_infections","cell_line","Leafcutter",176,"MERS12","Viral infections"
"mers_mers12_control","viral_infections","cell_line","rMATS",1508,"MERS12","Viral infections"
"mers_mers24_control","viral_infections","cell_line","DEXSeq",2589,"MERS24","Viral infections"
"mers_mers24_control","viral_infections","cell_line","Sleuth",1743,"MERS24","Viral infections"
"mers_mers24_control","viral_infections","cell_line","Leafcutter",560,"MERS24","Viral infections"
"mers_mers24_control","viral_infections","cell_line","rMATS",2750,"MERS24","Viral infections"
"mers_mers2_control","viral_infections","cell_line","DEXSeq",354,"MERS2","Viral infections"
"mers_mers2_control","viral_infections","cell_line","Sleuth",38,"MERS2","Viral infections"
"mers_mers2_control","viral_infections","cell_line","Leafcutter",85,"MERS2","Viral infections"
"mers_mers2_control","viral_infections","cell_line","rMATS",1219,"MERS2","Viral infections"
"mers_mers4_control","viral_infections","cell_line","DEXSeq",559,"MERS4","Viral infections"
"mers_mers4_control","viral_infections","cell_line","Sleuth",115,"MERS4","Viral infections"
"mers_mers4_control","viral_infections","cell_line","Leafcutter",73,"MERS4","Viral infections"
"mers_mers4_control","viral_infections","cell_line","rMATS",1226,"MERS4","Viral infections"
"sars_cov_2_covid_0hr_control_covid_0hr_infected","viral_infections","cell_line","DEXSeq",307,"SARS-CoV-2-0h","Viral infections"
"sars_cov_2_covid_0hr_control_covid_0hr_infected","viral_infections","cell_line","Sleuth",29,"SARS-CoV-2-0h","Viral infections"
"sars_cov_2_covid_0hr_control_covid_0hr_infected","viral_infections","cell_line","Leafcutter",4,"SARS-CoV-2-0h","Viral infections"
"sars_cov_2_covid_0hr_control_covid_0hr_infected","viral_infections","cell_line","rMATS",349,"SARS-CoV-2-0h","Viral infections"
"sars_cov_2_covid_12hr_control_covid_12hr_infected","viral_infections","cell_line","DEXSeq",9,"SARS-CoV-2-12h","Viral infections"
"sars_cov_2_covid_12hr_control_covid_12hr_infected","viral_infections","cell_line","Sleuth",6,"SARS-CoV-2-12h","Viral infections"
"sars_cov_2_covid_12hr_control_covid_12hr_infected","viral_infections","cell_line","Leafcutter",4,"SARS-CoV-2-12h","Viral infections"
"sars_cov_2_covid_12hr_control_covid_12hr_infected","viral_infections","cell_line","rMATS",185,"SARS-CoV-2-12h","Viral infections"
"sars_cov_2_covid_24hr_control_covid_24hr_infected","viral_infections","cell_line","DEXSeq",2337,"SARS-CoV-2-24h","Viral infections"
"sars_cov_2_covid_24hr_control_covid_24hr_infected","viral_infections","cell_line","Sleuth",1605,"SARS-CoV-2-24h","Viral infections"
"sars_cov_2_covid_24hr_control_covid_24hr_infected","viral_infections","cell_line","Leafcutter",225,"SARS-CoV-2-24h","Viral infections"
"sars_cov_2_covid_24hr_control_covid_24hr_infected","viral_infections","cell_line","rMATS",871,"SARS-CoV-2-24h","Viral infections"
"sars_cov_2_covid_48hr_control_covid_48hr_infected","viral_infections","cell_line","DEXSeq",1886,"SARS-CoV-2-48h","Viral infections"
"sars_cov_2_covid_48hr_control_covid_48hr_infected","viral_infections","cell_line","Sleuth",1174,"SARS-CoV-2-48h","Viral infections"
"sars_cov_2_covid_48hr_control_covid_48hr_infected","viral_infections","cell_line","Leafcutter",336,"SARS-CoV-2-48h","Viral infections"
"sars_cov_2_covid_48hr_control_covid_48hr_infected","viral_infections","cell_line","rMATS",1333,"SARS-CoV-2-48h","Viral infections"
"sars_cov_2_covid_72hr_control_covid_72hr_infected","viral_infections","cell_line","DEXSeq",507,"SARS-CoV-2-72h","Viral infections"
"sars_cov_2_covid_72hr_control_covid_72hr_infected","viral_infections","cell_line","Sleuth",90,"SARS-CoV-2-72h","Viral infections"
"sars_cov_2_covid_72hr_control_covid_72hr_infected","viral_infections","cell_line","Leafcutter",165,"SARS-CoV-2-72h","Viral infections"
"sars_cov_2_covid_72hr_control_covid_72hr_infected","viral_infections","cell_line","rMATS",885,"SARS-CoV-2-72h","Viral infections"
"sars_cov_2_variants_alpha_control_24hr","viral_infections","cell_line","DEXSeq",36,"SARS-CoV-2-Alpha-24h","Viral infections"
"sars_cov_2_variants_alpha_control_24hr","viral_infections","cell_line","Sleuth",0,"SARS-CoV-2-Alpha-24h","Viral infections"
"sars_cov_2_variants_alpha_control_24hr","viral_infections","cell_line","Leafcutter",3,"SARS-CoV-2-Alpha-24h","Viral infections"
"sars_cov_2_variants_alpha_control_24hr","viral_infections","cell_line","rMATS",255,"SARS-CoV-2-Alpha-24h","Viral infections"
"sars_cov_2_variants_alpha_control_48hr","viral_infections","cell_line","DEXSeq",857,"SARS-CoV-2-Alpha-48h","Viral infections"
"sars_cov_2_variants_alpha_control_48hr","viral_infections","cell_line","Sleuth",234,"SARS-CoV-2-Alpha-48h","Viral infections"
"sars_cov_2_variants_alpha_control_48hr","viral_infections","cell_line","Leafcutter",8,"SARS-CoV-2-Alpha-48h","Viral infections"
"sars_cov_2_variants_alpha_control_48hr","viral_infections","cell_line","rMATS",690,"SARS-CoV-2-Alpha-48h","Viral infections"
"sars_cov_2_variants_alpha_control_72hr","viral_infections","cell_line","DEXSeq",3611,"SARS-CoV-2-Alpha-72h","Viral infections"
"sars_cov_2_variants_alpha_control_72hr","viral_infections","cell_line","Sleuth",1715,"SARS-CoV-2-Alpha-72h","Viral infections"
"sars_cov_2_variants_alpha_control_72hr","viral_infections","cell_line","Leafcutter",81,"SARS-CoV-2-Alpha-72h","Viral infections"
"sars_cov_2_variants_alpha_control_72hr","viral_infections","cell_line","rMATS",1137,"SARS-CoV-2-Alpha-72h","Viral infections"
"sars_cov_2_variants_control_delta_24hr","viral_infections","cell_line","DEXSeq",475,"SARS-CoV-2-Delta-24h","Viral infections"
"sars_cov_2_variants_control_delta_24hr","viral_infections","cell_line","Sleuth",47,"SARS-CoV-2-Delta-24h","Viral infections"
"sars_cov_2_variants_control_delta_24hr","viral_infections","cell_line","Leafcutter",4,"SARS-CoV-2-Delta-24h","Viral infections"
"sars_cov_2_variants_control_delta_24hr","viral_infections","cell_line","rMATS",328,"SARS-CoV-2-Delta-24h","Viral infections"
"sars_cov_2_variants_control_delta_48hr","viral_infections","cell_line","DEXSeq",433,"SARS-CoV-2-Delta-48h","Viral infections"
"sars_cov_2_variants_control_delta_48hr","viral_infections","cell_line","Sleuth",59,"SARS-CoV-2-Delta-48h","Viral infections"
"sars_cov_2_variants_control_delta_48hr","viral_infections","cell_line","Leafcutter",3,"SARS-CoV-2-Delta-48h","Viral infections"
"sars_cov_2_variants_control_delta_48hr","viral_infections","cell_line","rMATS",468,"SARS-CoV-2-Delta-48h","Viral infections"
"sars_cov_2_variants_control_delta_72hr","viral_infections","cell_line","DEXSeq",3442,"SARS-CoV-2-Delta-72h","Viral infections"
"sars_cov_2_variants_control_delta_72hr","viral_infections","cell_line","Sleuth",852,"SARS-CoV-2-Delta-72h","Viral infections"
"sars_cov_2_variants_control_delta_72hr","viral_infections","cell_line","Leafcutter",18,"SARS-CoV-2-Delta-72h","Viral infections"
"sars_cov_2_variants_control_delta_72hr","viral_infections","cell_line","rMATS",625,"SARS-CoV-2-Delta-72h","Viral infections"
"sars_sars12_control","viral_infections","cell_line","DEXSeq",168,"SARS12","Viral infections"
"sars_sars12_control","viral_infections","cell_line","Sleuth",4,"SARS12","Viral infections"
"sars_sars12_control","viral_infections","cell_line","Leafcutter",32,"SARS12","Viral infections"
"sars_sars12_control","viral_infections","cell_line","rMATS",963,"SARS12","Viral infections"
"sars_sars24_control","viral_infections","cell_line","DEXSeq",1818,"SARS24","Viral infections"
"sars_sars24_control","viral_infections","cell_line","Sleuth",911,"SARS24","Viral infections"
"sars_sars24_control","viral_infections","cell_line","Leafcutter",180,"SARS24","Viral infections"
"sars_sars24_control","viral_infections","cell_line","rMATS",1997,"SARS24","Viral infections"
"sars_sars2_control","viral_infections","cell_line","DEXSeq",569,"SARS2","Viral infections"
"sars_sars2_control","viral_infections","cell_line","Sleuth",0,"SARS2","Viral infections"
"sars_sars2_control","viral_infections","cell_line","Leafcutter",99,"SARS2","Viral infections"
"sars_sars2_control","viral_infections","cell_line","rMATS",1369,"SARS2","Viral infections"
"sars_sars4_control","viral_infections","cell_line","DEXSeq",558,"SARS4","Viral infections"
"sars_sars4_control","viral_infections","cell_line","Sleuth",56,"SARS4","Viral infections"
"sars_sars4_control","viral_infections","cell_line","Leafcutter",102,"SARS4","Viral infections"
"sars_sars4_control","viral_infections","cell_line","rMATS",1230,"SARS4","Viral infections"
"tuberculosis_hi_18_live_18","acute_bacterial","cell_line","DEXSeq",46,"MTB_hi18_Live18","Bacterial"
"tuberculosis_hi_18_live_18","acute_bacterial","cell_line","Sleuth",0,"MTB_hi18_Live18","Bacterial"
"tuberculosis_hi_18_live_18","acute_bacterial","cell_line","Leafcutter",13,"MTB_hi18_Live18","Bacterial"
"tuberculosis_hi_18_live_18","acute_bacterial","cell_line","rMATS",148,"MTB_hi18_Live18","Bacterial"
"tuberculosis_hi_18_ni_18","acute_bacterial","cell_line","DEXSeq",1555,"MTB_hi18_NI18","Bacterial"
"tuberculosis_hi_18_ni_18","acute_bacterial","cell_line","Sleuth",2202,"MTB_hi18_NI18","Bacterial"
"tuberculosis_hi_18_ni_18","acute_bacterial","cell_line","Leafcutter",249,"MTB_hi18_NI18","Bacterial"
"tuberculosis_hi_18_ni_18","acute_bacterial","cell_line","rMATS",480,"MTB_hi18_NI18","Bacterial"
"tuberculosis_hi_2_live_2","acute_bacterial","cell_line","DEXSeq",0,"MTB_hi2_Live2","Bacterial"
"tuberculosis_hi_2_live_2","acute_bacterial","cell_line","Sleuth",0,"MTB_hi2_Live2","Bacterial"
"tuberculosis_hi_2_live_2","acute_bacterial","cell_line","Leafcutter",20,"MTB_hi2_Live2","Bacterial"
"tuberculosis_hi_2_live_2","acute_bacterial","cell_line","rMATS",117,"MTB_hi2_Live2","Bacterial"
"tuberculosis_hi_2_ni_2","acute_bacterial","cell_line","DEXSeq",1981,"MTB_hi2_NI2","Bacterial"
"tuberculosis_hi_2_ni_2","acute_bacterial","cell_line","Sleuth",659,"MTB_hi2_NI2","Bacterial"
"tuberculosis_hi_2_ni_2","acute_bacterial","cell_line","Leafcutter",89,"MTB_hi2_NI2","Bacterial"
"tuberculosis_hi_2_ni_2","acute_bacterial","cell_line","rMATS",440,"MTB_hi2_NI2","Bacterial"
"tuberculosis_hi_48_live_48","acute_bacterial","cell_line","DEXSeq",100,"MTB_hi48_Live48","Bacterial"
"tuberculosis_hi_48_live_48","acute_bacterial","cell_line","Sleuth",0,"MTB_hi48_Live48","Bacterial"
"tuberculosis_hi_48_live_48","acute_bacterial","cell_line","Leafcutter",17,"MTB_hi48_Live48","Bacterial"
"tuberculosis_hi_48_live_48","acute_bacterial","cell_line","rMATS",143,"MTB_hi48_Live48","Bacterial"
"tuberculosis_hi_48_ni_48","acute_bacterial","cell_line","DEXSeq",2744,"MTB_hi48_NI48","Bacterial"
"tuberculosis_hi_48_ni_48","acute_bacterial","cell_line","Sleuth",3942,"MTB_hi48_NI48","Bacterial"
"tuberculosis_hi_48_ni_48","acute_bacterial","cell_line","Leafcutter",267,"MTB_hi48_NI48","Bacterial"
"tuberculosis_hi_48_ni_48","acute_bacterial","cell_line","rMATS",495,"MTB_hi48_NI48","Bacterial"
"tuberculosis_hi_72_live_72","acute_bacterial","cell_line","DEXSeq",42,"MTB_hi72_Live72","Bacterial"
"tuberculosis_hi_72_live_72","acute_bacterial","cell_line","Sleuth",13,"MTB_hi72_Live72","Bacterial"
"tuberculosis_hi_72_live_72","acute_bacterial","cell_line","Leafcutter",30,"MTB_hi72_Live72","Bacterial"
"tuberculosis_hi_72_live_72","acute_bacterial","cell_line","rMATS",232,"MTB_hi72_Live72","Bacterial"
"tuberculosis_hi_72_ni_72","acute_bacterial","cell_line","DEXSeq",6364,"MTB_hi72_NI72","Bacterial"
"tuberculosis_hi_72_ni_72","acute_bacterial","cell_line","Sleuth",4136,"MTB_hi72_NI72","Bacterial"
"tuberculosis_hi_72_ni_72","acute_bacterial","cell_line","Leafcutter",160,"MTB_hi72_NI72","Bacterial"
"tuberculosis_hi_72_ni_72","acute_bacterial","cell_line","rMATS",592,"MTB_hi72_NI72","Bacterial"
"tuberculosis_live_18_ni_18","acute_bacterial","cell_line","DEXSeq",1725,"MTB_live18_NI18","Bacterial"
"tuberculosis_live_18_ni_18","acute_bacterial","cell_line","Sleuth",2586,"MTB_live18_NI18","Bacterial"
"tuberculosis_live_18_ni_18","acute_bacterial","cell_line","Leafcutter",271,"MTB_live18_NI18","Bacterial"
"tuberculosis_live_18_ni_18","acute_bacterial","cell_line","rMATS",568,"MTB_live18_NI18","Bacterial"
"tuberculosis_live_2_ni_2","acute_bacterial","cell_line","DEXSeq",2359,"MTB_live2_NI2","Bacterial"
"tuberculosis_live_2_ni_2","acute_bacterial","cell_line","Sleuth",1432,"MTB_live2_NI2","Bacterial"
"tuberculosis_live_2_ni_2","acute_bacterial","cell_line","Leafcutter",146,"MTB_live2_NI2","Bacterial"
"tuberculosis_live_2_ni_2","acute_bacterial","cell_line","rMATS",654,"MTB_live2_NI2","Bacterial"
"tuberculosis_live_48_ni_48","acute_bacterial","cell_line","DEXSeq",1470,"MTB_live48_NI48","Bacterial"
"tuberculosis_live_48_ni_48","acute_bacterial","cell_line","Sleuth",2070,"MTB_live48_NI48","Bacterial"
"tuberculosis_live_48_ni_48","acute_bacterial","cell_line","Leafcutter",244,"MTB_live48_NI48","Bacterial"
"tuberculosis_live_48_ni_48","acute_bacterial","cell_line","rMATS",580,"MTB_live48_NI48","Bacterial"
"tuberculosis_live_72_ni_72","acute_bacterial","cell_line","DEXSeq",4185,"MTB_live72_NI72","Bacterial"
"tuberculosis_live_72_ni_72","acute_bacterial","cell_line","Sleuth",3457,"MTB_live72_NI72","Bacterial"
"tuberculosis_live_72_ni_72","acute_bacterial","cell_line","Leafcutter",276,"MTB_live72_NI72","Bacterial"
"tuberculosis_live_72_ni_72","acute_bacterial","cell_line","rMATS",751,"MTB_live72_NI72","Bacterial"
"copd_control_copd","chronic_fibrotic","tissue","DEXSeq",3461,"COPD","Chronic or Fibrotic"
"copd_control_copd","chronic_fibrotic","tissue","Sleuth",4023,"COPD","Chronic or Fibrotic"
"copd_control_copd","chronic_fibrotic","tissue","Leafcutter",145,"COPD","Chronic or Fibrotic"
"copd_control_copd","chronic_fibrotic","tissue","rMATS",1105,"COPD","Chronic or Fibrotic"
"ipf_ipf_control","chronic_fibrotic","tissue","DEXSeq",5251,"IPF","Chronic or Fibrotic"
"ipf_ipf_control","chronic_fibrotic","tissue","Sleuth",3978,"IPF","Chronic or Fibrotic"
"ipf_ipf_control","chronic_fibrotic","tissue","Leafcutter",199,"IPF","Chronic or Fibrotic"
"ipf_ipf_control","chronic_fibrotic","tissue","rMATS",1132,"IPF","Chronic or Fibrotic"
"asthma_asthma_control_albuterol","chronic_fibrotic","cell_line","DEXSeq",1,"Asthma-albuterol","Chronic or Fibrotic"
"asthma_asthma_control_albuterol","chronic_fibrotic","cell_line","Sleuth",0,"Asthma-albuterol","Chronic or Fibrotic"
"asthma_asthma_control_albuterol","chronic_fibrotic","cell_line","Leafcutter",9,"Asthma-albuterol","Chronic or Fibrotic"
"asthma_asthma_control_albuterol","chronic_fibrotic","cell_line","rMATS",196,"Asthma-albuterol","Chronic or Fibrotic"
"asthma_asthma_control_base","chronic_fibrotic","cell_line","DEXSeq",0,"Asthma-base","Chronic or Fibrotic"
"asthma_asthma_control_base","chronic_fibrotic","cell_line","Sleuth",0,"Asthma-base","Chronic or Fibrotic"
"asthma_asthma_control_base","chronic_fibrotic","cell_line","Leafcutter",11,"Asthma-base","Chronic or Fibrotic"
"asthma_asthma_control_base","chronic_fibrotic","cell_line","rMATS",277,"Asthma-base","Chronic or Fibrotic"
"asthma_asthma_control_vit_d","chronic_fibrotic","cell_line","DEXSeq",1,"Asthma-VitD","Chronic or Fibrotic"
"asthma_asthma_control_vit_d","chronic_fibrotic","cell_line","Sleuth",0,"Asthma-VitD","Chronic or Fibrotic"
"asthma_asthma_control_vit_d","chronic_fibrotic","cell_line","Leafcutter",11,"Asthma-VitD","Chronic or Fibrotic"
"asthma_asthma_control_vit_d","chronic_fibrotic","cell_line","rMATS",78,"Asthma-VitD","Chronic or Fibrotic"
"tobacco_smoke_control_drug_tse_drug","chronic_fibrotic","cell_line","DEXSeq",80,"TSE-drug","Chronic or Fibrotic"
"tobacco_smoke_control_drug_tse_drug","chronic_fibrotic","cell_line","Sleuth",55,"TSE-drug","Chronic or Fibrotic"
"tobacco_smoke_control_drug_tse_drug","chronic_fibrotic","cell_line","Leafcutter",36,"TSE-drug","Chronic or Fibrotic"
"tobacco_smoke_control_drug_tse_drug","chronic_fibrotic","cell_line","rMATS",464,"TSE-drug","Chronic or Fibrotic"
"tobacco_smoke_control_vehicle_tse_vehicle","chronic_fibrotic","cell_line","DEXSeq",29,"TSE-Nodrug","Chronic or Fibrotic"
"tobacco_smoke_control_vehicle_tse_vehicle","chronic_fibrotic","cell_line","Sleuth",57,"TSE-Nodrug","Chronic or Fibrotic"
"tobacco_smoke_control_vehicle_tse_vehicle","chronic_fibrotic","cell_line","Leafcutter",24,"TSE-Nodrug","Chronic or Fibrotic"
"tobacco_smoke_control_vehicle_tse_vehicle","chronic_fibrotic","cell_line","rMATS",422,"TSE-Nodrug","Chronic or Fibrotic"
"tobacco_smoke_cse_drug_control_drug","chronic_fibrotic","cell_line","DEXSeq",101,"CSE-drug","Chronic or Fibrotic"
"tobacco_smoke_cse_drug_control_drug","chronic_fibrotic","cell_line","Sleuth",45,"CSE-drug","Chronic or Fibrotic"
"tobacco_smoke_cse_drug_control_drug","chronic_fibrotic","cell_line","Leafcutter",61,"CSE-drug","Chronic or Fibrotic"
"tobacco_smoke_cse_drug_control_drug","chronic_fibrotic","cell_line","rMATS",521,"CSE-drug","Chronic or Fibrotic"
"tobacco_smoke_cse_vehicle_control_vehicle","chronic_fibrotic","cell_line","DEXSeq",32,"CSE-Nodrug","Chronic or Fibrotic"
"tobacco_smoke_cse_vehicle_control_vehicle","chronic_fibrotic","cell_line","Sleuth",43,"CSE-Nodrug","Chronic or Fibrotic"
"tobacco_smoke_cse_vehicle_control_vehicle","chronic_fibrotic","cell_line","Leafcutter",26,"CSE-Nodrug","Chronic or Fibrotic"
"tobacco_smoke_cse_vehicle_control_vehicle","chronic_fibrotic","cell_line","rMATS",426,"CSE-Nodrug","Chronic or Fibrotic"
"gall_bladder_cancer_control","Cancers","tissue","DEXSeq",78,"Gall_bladder_cancer","Cancers"
"gall_bladder_cancer_control","Cancers","tissue","Sleuth",476,"Gall_bladder_cancer","Cancers"
"gall_bladder_cancer_control","Cancers","tissue","Leafcutter",11,"Gall_bladder_cancer","Cancers"
"gall_bladder_cancer_control","Cancers","tissue","rMATS",181,"Gall_bladder_cancer","Cancers"
"liver_diseases_normal_advanced_hcc","Cancers","tissue","DEXSeq",3016,"Advanced_HCC","Cancers"
"liver_diseases_normal_advanced_hcc","Cancers","tissue","Sleuth",2453,"Advanced_HCC","Cancers"
"liver_diseases_normal_advanced_hcc","Cancers","tissue","Leafcutter",261,"Advanced_HCC","Cancers"
"liver_diseases_normal_advanced_hcc","Cancers","tissue","rMATS",743,"Advanced_HCC","Cancers"
"liver_diseases_normal_early_hcc","Cancers","tissue","DEXSeq",1182,"Early_HCC","Cancers"
"liver_diseases_normal_early_hcc","Cancers","tissue","Sleuth",444,"Early_HCC","Cancers"
"liver_diseases_normal_early_hcc","Cancers","tissue","Leafcutter",76,"Early_HCC","Cancers"
"liver_diseases_normal_early_hcc","Cancers","tissue","rMATS",347,"Early_HCC","Cancers"
"nsclc_control_nsclc","Cancers","tissue","DEXSeq",52,"NSCLC","Cancers"
"nsclc_control_nsclc","Cancers","tissue","Sleuth",0,"NSCLC","Cancers"
"nsclc_control_nsclc","Cancers","tissue","Leafcutter",63,"NSCLC","Cancers"
"nsclc_control_nsclc","Cancers","tissue","rMATS",334,"NSCLC","Cancers"
"sclc_sclc_control","Cancers","tissue","DEXSeq",305,"SCLC","Cancers"
"sclc_sclc_control","Cancers","tissue","Sleuth",791,"SCLC","Cancers"
"sclc_sclc_control","Cancers","tissue","Leafcutter",10,"SCLC","Cancers"
"sclc_sclc_control","Cancers","tissue","rMATS",4,"SCLC","Cancers"
"liver_diseases_normal_chronic_hepatitis","hepatobiliary","tissue","DEXSeq",7255,"Chronic_hepatitis","Hepatobiliary"
"liver_diseases_normal_chronic_hepatitis","hepatobiliary","tissue","Sleuth",2628,"Chronic_hepatitis","Hepatobiliary"
"liver_diseases_normal_chronic_hepatitis","hepatobiliary","tissue","Leafcutter",257,"Chronic_hepatitis","Hepatobiliary"
"liver_diseases_normal_chronic_hepatitis","hepatobiliary","tissue","rMATS",1358,"Chronic_hepatitis","Hepatobiliary"
"liver_diseases_normal_dysplastic_nodule","hepatobiliary","tissue","DEXSeq",8322,"Dysplastic_nodule","Hepatobiliary"
"liver_diseases_normal_dysplastic_nodule","hepatobiliary","tissue","Sleuth",2628,"Dysplastic_nodule","Hepatobiliary"
"liver_diseases_normal_dysplastic_nodule","hepatobiliary","tissue","Leafcutter",452,"Dysplastic_nodule","Hepatobiliary"
"liver_diseases_normal_dysplastic_nodule","hepatobiliary","tissue","rMATS",1398,"Dysplastic_nodule","Hepatobiliary"
"liver_diseases_normal_liver_cirrhosis","hepatobiliary","tissue","DEXSeq",7853,"Liver_cirrhosis","Hepatobiliary"
"liver_diseases_normal_liver_cirrhosis","hepatobiliary","tissue","Sleuth",2239,"Liver_cirrhosis","Hepatobiliary"
"liver_diseases_normal_liver_cirrhosis","hepatobiliary","tissue","Leafcutter",406,"Liver_cirrhosis","Hepatobiliary"
"liver_diseases_normal_liver_cirrhosis","hepatobiliary","tissue","rMATS",1416,"Liver_cirrhosis","Hepatobiliary"
"nafld_control_nafld","hepatobiliary","tissue","DEXSeq",11527,"NAFLD","Hepatobiliary"
"nafld_control_nafld","hepatobiliary","tissue","Sleuth",7238,"NAFLD","Hepatobiliary"
"nafld_control_nafld","hepatobiliary","tissue","Leafcutter",242,"NAFLD","Hepatobiliary"
"nafld_control_nafld","hepatobiliary","tissue","rMATS",1725,"NAFLD","Hepatobiliary"
"nafl_nash_spectrum_nafl_nash","hepatobiliary","tissue","DEXSeq",0,"NAFL_NASH","Hepatobiliary"
"nafl_nash_spectrum_nafl_nash","hepatobiliary","tissue","Sleuth",0,"NAFL_NASH","Hepatobiliary"
"nafl_nash_spectrum_nafl_nash","hepatobiliary","tissue","Leafcutter",1,"NAFL_NASH","Hepatobiliary"
"nafl_nash_spectrum_nafl_nash","hepatobiliary","tissue","rMATS",15,"NAFL_NASH","Hepatobiliary"
"nafl_nash_spectrum_nafl_normal_weight","hepatobiliary","tissue","DEXSeq",10470,"NAFL_normal","Hepatobiliary"
"nafl_nash_spectrum_nafl_normal_weight","hepatobiliary","tissue","Sleuth",5817,"NAFL_normal","Hepatobiliary"
"nafl_nash_spectrum_nafl_normal_weight","hepatobiliary","tissue","Leafcutter",142,"NAFL_normal","Hepatobiliary"
"nafl_nash_spectrum_nafl_normal_weight","hepatobiliary","tissue","rMATS",356,"NAFL_normal","Hepatobiliary"
"nafl_nash_spectrum_nafl_obese","hepatobiliary","tissue","DEXSeq",10282,"NAFL_Obese","Hepatobiliary"
"nafl_nash_spectrum_nafl_obese","hepatobiliary","tissue","Sleuth",5482,"NAFL_Obese","Hepatobiliary"
"nafl_nash_spectrum_nafl_obese","hepatobiliary","tissue","Leafcutter",153,"NAFL_Obese","Hepatobiliary"
"nafl_nash_spectrum_nafl_obese","hepatobiliary","tissue","rMATS",339,"NAFL_Obese","Hepatobiliary"
"nafl_nash_spectrum_nash_normal_weight","hepatobiliary","tissue","DEXSeq",11024,"NASH_normal","Hepatobiliary"
"nafl_nash_spectrum_nash_normal_weight","hepatobiliary","tissue","Sleuth",5920,"NASH_normal","Hepatobiliary"
"nafl_nash_spectrum_nash_normal_weight","hepatobiliary","tissue","Leafcutter",133,"NASH_normal","Hepatobiliary"
"nafl_nash_spectrum_nash_normal_weight","hepatobiliary","tissue","rMATS",354,"NASH_normal","Hepatobiliary"
"nafl_nash_spectrum_nash_obese","hepatobiliary","tissue","DEXSeq",10817,"NASH_Obese","Hepatobiliary"
"nafl_nash_spectrum_nash_obese","hepatobiliary","tissue","Sleuth",5565,"NASH_Obese","Hepatobiliary"
"nafl_nash_spectrum_nash_obese","hepatobiliary","tissue","Leafcutter",147,"NASH_Obese","Hepatobiliary"
"nafl_nash_spectrum_nash_obese","hepatobiliary","tissue","rMATS",340,"NASH_Obese","Hepatobiliary"
"nafl_nash_spectrum_normal_weight_obese","hepatobiliary","tissue","DEXSeq",2,"Normal_Obese","Hepatobiliary"
"nafl_nash_spectrum_normal_weight_obese","hepatobiliary","tissue","Sleuth",3,"Normal_Obese","Hepatobiliary"
"nafl_nash_spectrum_normal_weight_obese","hepatobiliary","tissue","Leafcutter",7,"Normal_Obese","Hepatobiliary"
"nafl_nash_spectrum_normal_weight_obese","hepatobiliary","tissue","rMATS",48,"Normal_Obese","Hepatobiliary"
"liver_damage_ploidy_diploid_aged_diploid_young","hepatobiliary","cell_line","DEXSeq",63,"2n-aged_2n-young","Hepatobiliary"
"liver_damage_ploidy_diploid_aged_diploid_young","hepatobiliary","cell_line","Sleuth",2,"2n-aged_2n-young","Hepatobiliary"
"liver_damage_ploidy_diploid_aged_diploid_young","hepatobiliary","cell_line","Leafcutter",38,"2n-aged_2n-young","Hepatobiliary"
"liver_damage_ploidy_diploid_aged_diploid_young","hepatobiliary","cell_line","rMATS",380,"2n-aged_2n-young","Hepatobiliary"
"liver_damage_ploidy_diploid_aged_polyploid_aged","hepatobiliary","cell_line","DEXSeq",29,"2n-aged_P-aged","Hepatobiliary"
"liver_damage_ploidy_diploid_aged_polyploid_aged","hepatobiliary","cell_line","Sleuth",0,"2n-aged_P-aged","Hepatobiliary"
"liver_damage_ploidy_diploid_aged_polyploid_aged","hepatobiliary","cell_line","Leafcutter",8,"2n-aged_P-aged","Hepatobiliary"
"liver_damage_ploidy_diploid_aged_polyploid_aged","hepatobiliary","cell_line","rMATS",351,"2n-aged_P-aged","Hepatobiliary"
"liver_damage_ploidy_diploid_aged_polyploid_young","hepatobiliary","cell_line","DEXSeq",359,"2n-aged_P-young","Hepatobiliary"
"liver_damage_ploidy_diploid_aged_polyploid_young","hepatobiliary","cell_line","Sleuth",0,"2n-aged_P-young","Hepatobiliary"
"liver_damage_ploidy_diploid_aged_polyploid_young","hepatobiliary","cell_line","Leafcutter",50,"2n-aged_P-young","Hepatobiliary"
"liver_damage_ploidy_diploid_aged_polyploid_young","hepatobiliary","cell_line","rMATS",558,"2n-aged_P-young","Hepatobiliary"
"liver_damage_ploidy_diploid_young_polyploid_aged","hepatobiliary","cell_line","DEXSeq",29,"2n-young_P-aged","Hepatobiliary"
"liver_damage_ploidy_diploid_young_polyploid_aged","hepatobiliary","cell_line","Sleuth",4,"2n-young_P-aged","Hepatobiliary"
"liver_damage_ploidy_diploid_young_polyploid_aged","hepatobiliary","cell_line","Leafcutter",39,"2n-young_P-aged","Hepatobiliary"
"liver_damage_ploidy_diploid_young_polyploid_aged","hepatobiliary","cell_line","rMATS",215,"2n-young_P-aged","Hepatobiliary"
"liver_damage_ploidy_diploid_young_polyploid_young","hepatobiliary","cell_line","DEXSeq",160,"2n-young_P-young","Hepatobiliary"
"liver_damage_ploidy_diploid_young_polyploid_young","hepatobiliary","cell_line","Sleuth",0,"2n-young_P-young","Hepatobiliary"
"liver_damage_ploidy_diploid_young_polyploid_young","hepatobiliary","cell_line","Leafcutter",9,"2n-young_P-young","Hepatobiliary"
"liver_damage_ploidy_diploid_young_polyploid_young","hepatobiliary","cell_line","rMATS",238,"2n-young_P-young","Hepatobiliary"
"liver_damage_ploidy_polyploid_aged_polyploid_young","hepatobiliary","cell_line","DEXSeq",64,"P-aged_P-young","Hepatobiliary"
"liver_damage_ploidy_polyploid_aged_polyploid_young","hepatobiliary","cell_line","Sleuth",1,"P-aged_P-young","Hepatobiliary"
"liver_damage_ploidy_polyploid_aged_polyploid_young","hepatobiliary","cell_line","Leafcutter",26,"P-aged_P-young","Hepatobiliary"
"liver_damage_ploidy_polyploid_aged_polyploid_young","hepatobiliary","cell_line","rMATS",253,"P-aged_P-young","Hepatobiliary"
"ards_ards_bmt_sepsis_bmt","acute_lung","cell_line","DEXSeq",472,"ARDS-BMT-Sepsis","Acute lung"
"ards_ards_bmt_sepsis_bmt","acute_lung","cell_line","Sleuth",7,"ARDS-BMT-Sepsis","Acute lung"
"ards_ards_bmt_sepsis_bmt","acute_lung","cell_line","Leafcutter",88,"ARDS-BMT-Sepsis","Acute lung"
"ards_ards_bmt_sepsis_bmt","acute_lung","cell_line","rMATS",570,"ARDS-BMT-Sepsis","Acute lung"
"ards_ards_sepsis","acute_lung","cell_line","DEXSeq",15,"ARDS-Sepsis","Acute lung"
"ards_ards_sepsis","acute_lung","cell_line","Sleuth",0,"ARDS-Sepsis","Acute lung"
"ards_ards_sepsis","acute_lung","cell_line","Leafcutter",21,"ARDS-Sepsis","Acute lung"
"ards_ards_sepsis","acute_lung","cell_line","rMATS",224,"ARDS-Sepsis","Acute lung"
